T,node_id,D1,D2,Sigma_a1,Sigma_a2,nu_Sigma_f1,nu_Sigma_f2,kappa_Sigma_f1,kappa_Sigma_f2,Sigma_s12,inv_v1,inv_v2,beta_1,lambda_1,beta_2,lambda_2,beta_3,lambda_3,beta_4,lambda_4,beta_5,lambda_5,beta_6,lambda_6,beta_7,lambda_7,beta_8,lambda_8
600.0,0,1.7976931348623157e+308,1.7976931348623157e+308,0.0,0.0,0.0,0.0,0.0,0.0,0.0,0.0,0.0,0.0,0.0,0.0,0.0,0.0,0.0,0.0,0.0,0.0,0.0,0.0,0.0,0.0,0.0,0.0,0.0
600.0,1,1.7976931348623157e+308,1.7976931348623157e+308,0.0,0.0,0.0,0.0,0.0,0.0,0.0,0.0,0.0,0.0,0.0,0.0,0.0,0.0,0.0,0.0,0.0,0.0,0.0,0.0,0.0,0.0,0.0,0.0,0.0
600.0,2,1.7976931348623157e+308,1.7976931348623157e+308,0.0,0.0,0.0,0.0,0.0,0.0,0.0,0.0,0.0,0.0,0.0,0.0,0.0,0.0,0.0,0.0,0.0,0.0,0.0,0.0,0.0,0.0,0.0,0.0,0.0
600.0,3,1.7976931348623157e+308,1.7976931348623157e+308,0.0,0.0,0.0,0.0,0.0,0.0,0.0,0.0,0.0,0.0,0.0,0.0,0.0,0.0,0.0,0.0,0.0,0.0,0.0,0.0,0.0,0.0,0.0,0.0,0.0
600.0,4,1.7976931348623157e+308,1.7976931348623157e+308,0.0,0.0,0.0,0.0,0.0,0.0,0.0,0.0,0.0,0.0,0.0,0.0,0.0,0.0,0.0,0.0,0.0,0.0,0.0,0.0,0.0,0.0,0.0,0.0,0.0
600.0,5,1.7976931348623157e+308,1.7976931348623157e+308,0.0,0.0,0.0,0.0,0.0,0.0,0.0,0.0,0.0,0.0,0.0,0.0,0.0,0.0,0.0,0.0,0.0,0.0,0.0,0.0,0.0,0.0,0.0,0.0,0.0
600.0,6,1.7976931348623157e+308,1.7976931348623157e+308,0.0,0.0,0.0,0.0,0.0,0.0,0.0,0.0,0.0,0.0,0.0,0.0,0.0,0.0,0.0,0.0,0.0,0.0,0.0,0.0,0.0,0.0,0.0,0.0,0.0
600.0,7,1.7976931348623157e+308,1.7976931348623157e+308,0.0,0.0,0.0,0.0,0.0,0.0,0.0,0.0,0.0,0.0,0.0,0.0,0.0,0.0,0.0,0.0,0.0,0.0,0.0,0.0,0.0,0.0,0.0,0.0,0.0
600.0,8,1.7976931348623157e+308,1.7976931348623157e+308,0.0,0.0,0.0,0.0,0.0,0.0,0.0,0.0,0.0,0.0,0.0,0.0,0.0,0.0,0.0,0.0,0.0,0.0,0.0,0.0,0.0,0.0,0.0,0.0,0.0
600.0,9,1.0452864917293578,0.3114683338955387,0.007675985104314368,0.0745791782019775,0.005171143183117376,0.07924804090256736,391720.5543446525,6303991.088325299,0.021724047201183008,6.834477722826572e-08,2.509557792490418e-06,0.00021727093725495752,0.012466699999999999,0.0010344639709126099,0.028291700000000013,0.0006147354373713137,0.04252440000000003,0.0013326715879214469,0.13304200000000002,0.002240192472814599,0.29246719999999987,0.0006619466693401391,0.6664877000000003,0.0005801777929779954,1.6347810000000003,0.00018432634214164722,3.5545999999999984
600.0,10,1.10343970308479,0.324556888632833,0.008025958581995113,0.0656999837318103,0.004976540052698728,0.06833250530730804,376033.0696588133,5436030.171048067,0.02045910131056676,6.702372465173062e-08,2.4912630644002417e-06,0.00021689744447279371,0.012466700000000004,0.0010386739228546037,0.028291700000000017,0.0006148278322272756,0.04252439999999998,0.0013382086984346402,0.133042,0.0022558203611186527,0.29246719999999987,0.0006764315068743088,0.6664877,0.0005886889372566511,1.634781,0.00019181774831308586,3.5545999999999967
600.0,11,1.0848281343127293,0.3058509982477276,0.008375306747340543,0.06697627494382374,0.0053599834416317845,0.06350265586781037,403384.0853325675,5051790.135626372,0.02014645822305319,6.413353941287378e-08,2.572400269203635e-06,0.00021659334606811037,0.0124667,0.0010396734307850535,0.028291700000000003,0.0006147058011111771,0.04252440000000001,0.0013400712586179263,0.1330419999999999,0.002261546937913843,0.29246720000000015,0.000683414496907085,0.6664877000000002,0.0005929329548547762,1.6347809999999994,0.0001958278556177116,3.554599999999999
600.0,12,1.0123698092296645,0.33393701145688937,0.009024885852050706,0.0664168645910136,0.005017243289138232,0.07541340191054913,377702.47413505946,5999758.326077867,0.02101838398894089,6.136258732209586e-08,2.5336540947201513e-06,0.00021702083227468768,0.012466699999999999,0.0010350296433095118,0.028291699999999996,0.0006138260061542187,0.042524400000000004,0.001332769139787861,0.133042,0.0022436478006656177,0.2924671999999998,0.0006637937432195844,0.6664877000000001,0.0005808586083802028,1.6347810000000007,0.0001854887283093221,3.5545999999999993
600.0,13,1.1327655094769913,0.3274543580427628,0.007730153635720654,0.062498090174604067,0.0044888367390083315,0.059099188603944246,331852.10641779454,4701860.289920842,0.02156787013952532,6.841367593870497e-08,2.5366757995191518e-06,0.000216032659856377,0.012466700000000004,0.0010430083976668847,0.028291700000000003,0.0006138470673303441,0.04252440000000001,0.001343906241267747,0.13304199999999997,0.0022752771630721895,0.29246720000000004,0.0006956751594792491,0.6664877000000006,0.000599717256840477,1.634781,0.00020229931557687284,3.554599999999998
600.0,14,1.0724861761922397,0.32733843755893194,0.009439526941723756,0.06994342370230226,0.005219696142630348,0.0778169843350307,396782.2711076113,6191255.228011202,0.021389604657555586,6.97750343361215e-08,2.6001642290900987e-06,0.0002171733834214728,0.012466700000000006,0.0010365485442357712,0.028291700000000006,0.000614348589270862,0.042524400000000004,0.0013345397632984646,0.133042,0.002247154583905114,0.29246720000000004,0.0006657648312250699,0.6664876999999999,0.0005820752685196301,1.6347810000000003,0.00018615190981011238,3.5545999999999984
600.0,15,1.0407128501033562,0.324964076142174,0.007465026247604387,0.07435992335477254,0.004516291303402303,0.07880748910552039,343891.2639866829,6269501.459963852,0.021328448972097597,6.253825156831235e-08,2.5401893633847714e-06,0.00021755710674588292,0.012466699999999992,0.0010316178114142907,0.028291699999999996,0.0006140070905520607,0.04252440000000001,0.0013279101025033503,0.13304200000000005,0.002229275844489772,0.2924672,0.0006488451194522194,0.6664877000000001,0.0005720433971514713,1.6347809999999998,0.00017748151810341868,3.5546
600.0,16,1.0362957121931555,0.3235136307146674,0.007481907165005198,0.06634408554089886,0.004210577399847553,0.0666739804110271,320665.30573512043,5304288.161223546,0.02204856423316843,7.007257924698589e-08,2.5509492570585434e-06,0.00021729279707117402,0.012466700000000004,0.0010354044953762688,0.028291699999999986,0.0006143459766652187,0.042524400000000004,0.001333007104280791,0.13304199999999997,0.002242762057897868,0.2924672,0.0006615858438716675,0.6664877000000003,0.0005796168229503653,1.6347809999999996,0.00018396469631297703,3.554599999999999
600.0,17,0.8354175922211531,0.3123833455608545,0.007313057457249978,0.06805446448943442,0.0041416361161470995,0.06614368731933555,316290.4204274793,5261894.060485355,0.012639762735530809,6.183160062482518e-08,2.6049177503740214e-06,0.00021742928414243272,0.012466699999999997,0.0010340081074843516,0.028291700000000003,0.0006143945927552757,0.04252440000000001,0.0013312487962561601,0.1330419999999999,0.0022375423066630217,0.29246720000000004,0.0006568979045345531,0.6664877000000002,0.00057690623142427,1.6347809999999998,0.00018154221529161448,3.5545999999999993
600.0,18,1.0710649675797204,0.3293070642861361,0.009011279097730163,0.07664687238834536,0.005523473559765289,0.09016196989893133,419352.65486026806,7172916.130601954,0.01904196789236289,6.214452269325715e-08,2.515138267626251e-06,0.0002174260449847816,0.012466699999999989,0.001032912919770235,0.028291700000000034,0.0006142789283104865,0.04252439999999999,0.0013300429812090845,0.133042,0.002234482891289804,0.2924671999999998,0.0006547059664290689,0.6664876999999999,0.0005756802004531018,1.6347810000000007,0.0001806197339734769,3.554599999999999
600.0,19,1.0930463427233985,0.33605849926402026,0.008835372014317451,0.07324656076850916,0.005156568770565611,0.08750515009322714,389933.83876775595,6961610.829937962,0.01888333885008086,6.011632632469597e-08,2.531496641523951e-06,0.00021721084637614199,0.012466700000000008,0.0010355658548961812,0.028291700000000003,0.0006141644737065462,0.0425244,0.0013331806031972333,0.13304200000000022,0.002243871349152532,0.2924671999999998,0.0006626348381024165,0.6664876999999994,0.0005801788243648796,1.634781000000001,0.00018459375858571956,3.554600000000001
600.0,20,1.0960160576377491,0.3270627652624924,0.00839671896127372,0.07540781858424976,0.005151757639092029,0.08969922541304057,390105.95313483744,7136072.625068422,0.018702630962320044,5.9047619745308666e-08,2.5303731620302054e-06,0.00021730478753985164,0.012466699999999978,0.0010347368681466653,0.028291699999999993,0.0006142089932931648,0.04252439999999997,0.0013321152986668272,0.133042,0.0022406631673785476,0.2924671999999999,0.0006596734867012741,0.6664876999999999,0.0005784618418416614,1.6347809999999992,0.00018304299847369575,3.5545999999999958
600.0,21,1.0864636812849935,0.33937061285900033,0.008627623774774376,0.07425787239601693,0.005127443621872375,0.08960736485270282,389084.3918931181,7128791.10888027,0.018908073956992105,6.309211705523491e-08,2.5173287316033163e-06,0.00021735930399737665,0.012466699999999999,0.0010344407101164424,0.02829170000000002,0.0006142188088641631,0.04252439999999997,0.0013316601201136904,0.13304199999999972,0.002239348832405512,0.2924671999999997,0.000658202818133599,0.6664876999999997,0.0005775847706447066,1.6347809999999992,0.00018224702374248058,3.5545999999999993
600.0,22,1.0454282702720523,0.33742171535302723,0.0083647923650085,0.0708206558414097,0.004874187169933397,0.08415696890196163,365673.1398988656,6695248.801716359,0.017310022782249843,5.9069223826365786e-08,2.5418080355136573e-06,0.00021703974053848075,0.012466700000000002,0.0010355787447518055,0.028291699999999975,0.0006137079922854874,0.04252439999999999,0.0013331144219060375,0.13304199999999988,0.002245219869120937,0.2924671999999999,0.0006639595605988867,0.6664876999999996,0.0005808282908014736,1.6347809999999974,0.00018550380694112674,3.554600000000001
600.0,23,1.0951814933611341,0.33878988216233913,0.008921781319437166,0.07359961321817461,0.004973177536939634,0.08904724566866906,377161.4023895204,7084182.397840935,0.01939989936921476,6.204906604065451e-08,2.5409517506636863e-06,0.00021733490143156886,0.012466699999999997,0.0010349035002668926,0.028291700000000013,0.0006141924784685081,0.04252439999999999,0.0013321653902770244,0.1330419999999999,0.002240927706339353,0.29246720000000015,0.0006593414245085109,0.6664876999999997,0.0005782163546063416,1.634781000000002,0.0001828103080719852,3.554600000000002
600.0,24,1.092304457925877,0.33017080874723886,0.008010578187493152,0.07566753874054634,0.005279669963777046,0.08859667047195645,401497.27324883064,7047969.7677447405,0.018893711386495957,6.013399933669798e-08,2.5011998741490554e-06,0.00021737971999075012,0.012466699999999992,0.0010348617873838914,0.0282917,0.0006145789131560348,0.04252439999999996,0.001332529776267809,0.1330420000000001,0.0022406041499488717,0.29246719999999987,0.0006600579490393433,0.6664876999999998,0.0005788526303579567,1.634781000000002,0.0001831731652314244,3.554600000000003
600.0,25,1.0862071045713921,0.33537352166555623,0.008414869047071073,0.07183963327175318,0.004965641685655496,0.08654732310009113,376847.6697209355,6885198.044858109,0.01859219535298806,5.902918933540192e-08,2.523517063167402e-06,0.00021733194592258063,0.012466699999999999,0.0010349270442905018,0.028291700000000006,0.0006142739075088382,0.042524399999999976,0.001332318974755071,0.13304200000000008,0.0022410817089323644,0.2924672000000001,0.0006597897231163938,0.666487699999999,0.0005785363509362111,1.6347809999999992,0.00018306229492555067,3.554600000000002
600.0,26,1.057585793682099,0.3318011310360768,0.008981834663239398,0.07500419938302118,0.005357830357561121,0.08870296239849824,408459.68037548044,7056654.639467621,0.019090715087913296,6.174280802175049e-08,2.4836251625619223e-06,0.00021752305943342437,0.01246670000000002,0.001033376243703105,0.028291700000000006,0.0006147178375504279,0.04252439999999998,0.0013307908263701913,0.13304199999999994,0.0022351110725071623,0.2924671999999998,0.0006554687896039962,0.6664877,0.0005762634521993233,1.6347810000000007,0.0001808206721651498,3.5545999999999984
900.0,0,1.7976931348623157e+308,1.7976931348623157e+308,0.0,0.0,0.0,0.0,0.0,0.0,0.0,0.0,0.0,0.0,0.0,0.0,0.0,0.0,0.0,0.0,0.0,0.0,0.0,0.0,0.0,0.0,0.0,0.0,0.0
900.0,1,1.7976931348623157e+308,1.7976931348623157e+308,0.0,0.0,0.0,0.0,0.0,0.0,0.0,0.0,0.0,0.0,0.0,0.0,0.0,0.0,0.0,0.0,0.0,0.0,0.0,0.0,0.0,0.0,0.0,0.0,0.0
900.0,2,1.7976931348623157e+308,1.7976931348623157e+308,0.0,0.0,0.0,0.0,0.0,0.0,0.0,0.0,0.0,0.0,0.0,0.0,0.0,0.0,0.0,0.0,0.0,0.0,0.0,0.0,0.0,0.0,0.0,0.0,0.0
900.0,3,1.7976931348623157e+308,1.7976931348623157e+308,0.0,0.0,0.0,0.0,0.0,0.0,0.0,0.0,0.0,0.0,0.0,0.0,0.0,0.0,0.0,0.0,0.0,0.0,0.0,0.0,0.0,0.0,0.0,0.0,0.0
900.0,4,1.7976931348623157e+308,1.7976931348623157e+308,0.0,0.0,0.0,0.0,0.0,0.0,0.0,0.0,0.0,0.0,0.0,0.0,0.0,0.0,0.0,0.0,0.0,0.0,0.0,0.0,0.0,0.0,0.0,0.0,0.0
900.0,5,1.7976931348623157e+308,1.7976931348623157e+308,0.0,0.0,0.0,0.0,0.0,0.0,0.0,0.0,0.0,0.0,0.0,0.0,0.0,0.0,0.0,0.0,0.0,0.0,0.0,0.0,0.0,0.0,0.0,0.0,0.0
900.0,6,1.7976931348623157e+308,1.7976931348623157e+308,0.0,0.0,0.0,0.0,0.0,0.0,0.0,0.0,0.0,0.0,0.0,0.0,0.0,0.0,0.0,0.0,0.0,0.0,0.0,0.0,0.0,0.0,0.0,0.0,0.0
900.0,7,1.7976931348623157e+308,1.7976931348623157e+308,0.0,0.0,0.0,0.0,0.0,0.0,0.0,0.0,0.0,0.0,0.0,0.0,0.0,0.0,0.0,0.0,0.0,0.0,0.0,0.0,0.0,0.0,0.0,0.0,0.0
900.0,8,1.7976931348623157e+308,1.7976931348623157e+308,0.0,0.0,0.0,0.0,0.0,0.0,0.0,0.0,0.0,0.0,0.0,0.0,0.0,0.0,0.0,0.0,0.0,0.0,0.0,0.0,0.0,0.0,0.0,0.0,0.0
900.0,9,1.052621498156358,0.32748041181082976,0.008043844115294786,0.07734200538738105,0.005067299973622236,0.0832181220865039,385795.4704248892,6621259.606012141,0.02214309907031902,6.50079073130845e-08,2.5600126002302634e-06,0.00021736906905206045,0.012466699999999999,0.0010344376265225763,0.0282917,0.0006141879694490661,0.04252440000000001,0.0013315544929962978,0.1330420000000001,0.002239100633323125,0.2924672,0.0006578197986404254,0.6664876999999995,0.0005773111807527423,1.6347810000000023,0.0001819814494025706,3.5546
900.0,10,0.815424174778868,0.312267023175703,0.007274128505816949,0.07134596360609069,0.004602855277574401,0.08090548835136169,343925.75536629726,6436931.979144793,0.010068332311808615,5.2390473684938194e-08,2.5670572139073257e-06,0.0002169020279051498,0.0124667,0.0010368981023845317,0.02829170000000001,0.000613512018110873,0.042524400000000025,0.001334634513252865,0.13304199999999997,0.0022503946404462474,0.2924672,0.0006680643646594101,0.6664876999999999,0.0005831343601253574,1.6347810000000007,0.00018768575543638556,3.554599999999999
900.0,11,1.101975755120851,0.3202513653102729,0.007641955686755908,0.06537329594131872,0.004937137057319209,0.06888534333258706,373757.9089038784,5480540.928613179,0.021130429088641964,5.860406527092078e-08,2.4714381913479496e-06,0.0002169734313258902,0.012466699999999999,0.0010387302160378277,0.028291699999999993,0.0006149900059115767,0.042524400000000004,0.0013382580206985743,0.133042,0.002255472273038553,0.29246719999999987,0.000675834427761356,0.6664876999999998,0.0005883711222490114,1.6347810000000014,0.00019141781299530857,3.5546000000000015
900.0,12,1.0680210793477956,0.2969403305834532,0.007451732853675369,0.06479466906737855,0.004316940026723367,0.05925398727823044,323714.89050023584,4713712.309267564,0.019766620525194716,5.795165657572105e-08,2.61551027957224e-06,0.00021682126277959178,0.0124667,0.0010364432661165285,0.028291699999999993,0.0006140869603882842,0.0425244,0.0013353097859407081,0.13304199999999997,0.002250225116601703,0.29246719999999987,0.0006713013333494966,0.6664876999999999,0.0005855666359068894,1.634781,0.0001897146502484527,3.5545999999999993
900.0,13,1.0400575724490317,0.33074298972018684,0.008103732577085073,0.0705091273821778,0.004491886864342422,0.08245051402876072,341259.23140945344,6559955.229382944,0.01924577782602033,6.010008652753177e-08,2.609139078127033e-06,0.00021729322399833412,0.012466700000000002,0.0010357212957728614,0.02829170000000001,0.000613793201618261,0.04252439999999998,0.001332547028209872,0.13304199999999994,0.0022435304936756074,0.2924671999999999,0.0006598452094946711,0.6664876999999998,0.0005782109181159098,1.6347809999999994,0.00018296606562375413,3.5545999999999998
900.0,14,1.070930226507835,0.31743812034112645,0.012532682660178188,0.06872654609740352,0.00352049318158457,0.06640481873005198,266370.9837546748,5282286.996245954,0.01711709892780114,4.6924919216639445e-08,2.5330957913648874e-06,0.00021726929038948218,0.012466699999999997,0.001037016417477041,0.028291699999999982,0.000614903385373795,0.04252440000000002,0.001335417456464728,0.1330419999999999,0.0022476251982178944,0.2924672,0.0006669262073887261,0.6664876999999998,0.0005829386809909543,1.634781000000001,0.00018650080364153085,3.5545999999999993
900.0,15,1.128884838451757,0.289942498367683,0.008737052545246376,0.06944595490461916,0.004962751871522077,0.07460099553046683,381102.3219850341,5934936.824307865,0.018649402853437042,6.332398577406375e-08,2.6536427535656468e-06,0.00021751779571838124,0.012466699999999999,0.0010348976968106128,0.02829170000000001,0.0006148151908487669,0.04252439999999999,0.0013324282476147196,0.13304200000000002,0.0022395293460469802,0.2924672,0.0006584832284468756,0.6664876999999996,0.0005779315473141038,1.6347809999999994,0.0001821304942643001,3.554599999999999
900.0,16,0.9912550279850652,0.31933491328292485,0.010027069642214195,0.06337513548149618,0.0049434766603948955,0.06358206659170695,376880.1301515501,5057875.163670264,0.019475039597328842,6.449410067488742e-08,2.528200887309716e-06,0.00021715687416856352,0.012466699999999999,0.001038138672668202,0.028291700000000006,0.0006157153905749498,0.0425244,0.001338082122955731,0.13304199999999994,0.002252369850153313,0.29246720000000004,0.0006743785692791934,0.6664877,0.0005878617302465627,1.6347810000000005,0.0001905268920584528,3.5546000000000006
900.0,17,1.1611215197870084,0.3101048386441511,0.007174943412587722,0.07031149499361254,0.005187114272337971,0.07822483278449725,386516.71212286607,6222281.716759863,0.019232597102700883,5.576834674513336e-08,2.5115525069277566e-06,0.00021675364342171757,0.0124667,0.0010381039859020474,0.02829170000000001,0.0006147962298488018,0.04252440000000001,0.0013380293628536093,0.13304199999999994,0.0022551261688998113,0.2924671999999999,0.0006779152794100951,0.6664876999999998,0.000589702079895915,1.6347810000000014,0.00019281309625989777,3.5545999999999998
900.0,18,1.0529755738613036,0.32822805571159136,0.008398417138587083,0.0756659893440432,0.005016645821350541,0.08751933414783591,382725.5759818805,6962386.782641661,0.018627863252211906,5.9366981212823714e-08,2.487805212651343e-06,0.00021756468796979336,0.012466699999999985,0.0010332659579705133,0.028291699999999993,0.000614623001548845,0.042524399999999934,0.0013304012356116783,0.13304199999999994,0.002234345540472211,0.29246719999999976,0.0006540873953143216,0.6664876999999994,0.0005753553151972247,1.6347810000000016,0.00018002835045122603,3.5545999999999984
900.0,19,1.1131898884767504,0.3392521802146751,0.00891488017514417,0.07423994297848531,0.005052404391987807,0.09054284812528554,382362.02596092696,7203204.771698469,0.018850933122333147,5.8784909444979747e-08,2.531436977658535e-06,0.0002172733273694541,0.012466699999999985,0.0010351669473372984,0.02829170000000002,0.000614101815359568,0.04252439999999996,0.0013324843416444077,0.13304200000000002,0.002242103881510904,0.2924672000000001,0.0006605171999337504,0.6664877000000008,0.0005788692128425574,1.6347809999999996,0.000183437113917778,3.554599999999996
900.0,20,1.0523655071815734,0.32177458834107703,0.009016991990119443,0.07637454824722795,0.00535900931485802,0.0906045992630662,406600.18798226304,7208006.623306136,0.019248552876979064,6.079616530257996e-08,2.5296842373698684e-06,0.00021746256723556562,0.0124667,0.0010324919823924772,0.02829169999999999,0.000614261480744221,0.04252440000000001,0.0013294955813401663,0.133042,0.00223300395174,0.29246720000000004,0.0006532839115820821,0.6664876999999995,0.0005748494905212937,1.6347810000000007,0.00017990882513798176,3.5545999999999998
900.0,21,1.1121372231517672,0.33341428278492985,0.00906770363352539,0.07582501074397566,0.005283539222048913,0.09247175255106435,399786.3686163371,7356834.835952932,0.018766816098032338,6.002889305219699e-08,2.550479337699023e-06,0.00021727252455058734,0.012466699999999982,0.001034700751214978,0.028291699999999958,0.0006140090598998601,0.04252439999999996,0.0013319104994270552,0.13304199999999994,0.0022407971400520386,0.29246720000000015,0.0006594019116310996,0.6664877000000001,0.0005782134050970492,1.6347809999999996,0.00018294919379157286,3.554600000000005
900.0,22,1.0492034705650533,0.3432793797507189,0.008494344530566666,0.07128773774926891,0.005023952991308993,0.08564460000428535,378316.59429068514,6813699.664386609,0.01748171280334922,5.930379803425588e-08,2.535560839499752e-06,0.0002170170388846639,0.012466700000000018,0.0010371216003734257,0.02829170000000007,0.0006139550413969903,0.042524400000000025,0.0013350589317622215,0.133042,0.0022499945395468013,0.2924672000000002,0.0006679985209939091,0.6664877000000003,0.0005832217673291132,1.6347810000000011,0.00018741570881825894,3.5546000000000046
900.0,23,1.0940034275387065,0.3415115931304291,0.008728954122724559,0.07237864066966516,0.005110981159139367,0.08714655240736971,387875.2531592184,6932837.603681249,0.01919339169925506,5.8707151982414424e-08,2.5202959678113535e-06,0.00021731165511644745,0.012466699999999992,0.0010349992061327712,0.028291699999999996,0.0006143041860647,0.04252439999999992,0.0013324753710777558,0.13304199999999988,0.002241345012281772,0.29246719999999954,0.0006603482092103568,0.6664877000000001,0.000578879400825174,1.634780999999999,0.0001833336277147565,3.5546000000000038
900.0,24,1.0737561208371635,0.3185142785589411,0.008755936386402315,0.07642659318180778,0.005278691783262602,0.08893892849195288,401571.78152258066,7075552.385521272,0.01831324950557947,5.819978631552911e-08,2.5494934020242407e-06,0.00021740543619472376,0.01246670000000001,0.0010341821294284168,0.028291700000000017,0.000614323585642733,0.0425244,0.0013314121827983404,0.1330419999999999,0.002238300294096825,0.2924672,0.0006573755119370209,0.6664877000000005,0.0005771556444213566,1.634780999999999,0.00018181618151508612,3.5546000000000033
900.0,25,1.0873656402698455,0.34143788965293403,0.008887762120160897,0.07454829579075817,0.005147574987009126,0.09129757564429433,391484.6822455412,7263231.987430003,0.019224907627284585,6.154404525585571e-08,2.5148637067500097e-06,0.00021743710518242954,0.01246670000000001,0.0010340833011165814,0.0282917,0.0006143034025305259,0.042524399999999955,0.0013311742164476485,0.13304200000000002,0.0022376908503640215,0.2924671999999997,0.0006565097811576667,0.6664876999999998,0.0005766093265777597,1.6347809999999992,0.00018131823670478072,3.5546000000000015
900.0,26,1.0862595625740918,0.33433850913159074,0.00905557063710101,0.07675870631975004,0.005491300276716047,0.09199665363847725,416232.2295987591,7318762.359899417,0.018266289949103523,5.997081945206272e-08,2.4815902181929308e-06,0.00021735322657629507,0.012466699999999995,0.001034064823486193,0.028291699999999975,0.000614391142219904,0.04252440000000002,0.0013315529901033259,0.13304200000000013,0.002238370386567062,0.29246720000000004,0.0006584015760950427,0.6664877000000003,0.0005778571139596541,1.6347809999999994,0.00018243783200126812,3.554599999999996
1200.0,0,1.7976931348623157e+308,1.7976931348623157e+308,0.0,0.0,0.0,0.0,0.0,0.0,0.0,0.0,0.0,0.0,0.0,0.0,0.0,0.0,0.0,0.0,0.0,0.0,0.0,0.0,0.0,0.0,0.0,0.0,0.0
1200.0,1,1.7976931348623157e+308,1.7976931348623157e+308,0.0,0.0,0.0,0.0,0.0,0.0,0.0,0.0,0.0,0.0,0.0,0.0,0.0,0.0,0.0,0.0,0.0,0.0,0.0,0.0,0.0,0.0,0.0,0.0,0.0
1200.0,2,1.7976931348623157e+308,1.7976931348623157e+308,0.0,0.0,0.0,0.0,0.0,0.0,0.0,0.0,0.0,0.0,0.0,0.0,0.0,0.0,0.0,0.0,0.0,0.0,0.0,0.0,0.0,0.0,0.0,0.0,0.0
1200.0,3,1.7976931348623157e+308,1.7976931348623157e+308,0.0,0.0,0.0,0.0,0.0,0.0,0.0,0.0,0.0,0.0,0.0,0.0,0.0,0.0,0.0,0.0,0.0,0.0,0.0,0.0,0.0,0.0,0.0,0.0,0.0
1200.0,4,1.7976931348623157e+308,1.7976931348623157e+308,0.0,0.0,0.0,0.0,0.0,0.0,0.0,0.0,0.0,0.0,0.0,0.0,0.0,0.0,0.0,0.0,0.0,0.0,0.0,0.0,0.0,0.0,0.0,0.0,0.0
1200.0,5,1.7976931348623157e+308,1.7976931348623157e+308,0.0,0.0,0.0,0.0,0.0,0.0,0.0,0.0,0.0,0.0,0.0,0.0,0.0,0.0,0.0,0.0,0.0,0.0,0.0,0.0,0.0,0.0,0.0,0.0,0.0
1200.0,6,1.7976931348623157e+308,1.7976931348623157e+308,0.0,0.0,0.0,0.0,0.0,0.0,0.0,0.0,0.0,0.0,0.0,0.0,0.0,0.0,0.0,0.0,0.0,0.0,0.0,0.0,0.0,0.0,0.0,0.0,0.0
1200.0,7,1.7976931348623157e+308,1.7976931348623157e+308,0.0,0.0,0.0,0.0,0.0,0.0,0.0,0.0,0.0,0.0,0.0,0.0,0.0,0.0,0.0,0.0,0.0,0.0,0.0,0.0,0.0,0.0,0.0,0.0,0.0
1200.0,8,1.7976931348623157e+308,1.7976931348623157e+308,0.0,0.0,0.0,0.0,0.0,0.0,0.0,0.0,0.0,0.0,0.0,0.0,0.0,0.0,0.0,0.0,0.0,0.0,0.0,0.0,0.0,0.0,0.0,0.0,0.0
1200.0,9,1.0930368483449737,0.31864933870567297,0.008917966413633818,0.07110286599690026,0.0051620662166997,0.0661742286431865,394005.9880412944,5264882.92368239,0.020867602413663987,6.081140997353588e-08,2.574522795531389e-06,0.00021703661684493525,0.0124667,0.0010410036983460236,0.02829170000000001,0.000615785696208607,0.042524400000000025,0.001341434058579991,0.13304199999999997,0.0022619441830837475,0.2924672,0.0006818180311057161,0.6664877000000002,0.0005921173075409661,1.6347810000000005,0.00019418422623825672,3.5545999999999998
1200.0,10,1.1130763234961472,0.30699839300226334,0.006738434142703081,0.05930027596634627,0.0042013547157104345,0.05047483524669943,316445.6543276304,4014963.7955262624,0.017423346476606306,5.6125438988228974e-08,2.556070909050309e-06,0.0002163178399392164,0.012466700000000002,0.0010447633418192944,0.028291700000000006,0.0006152121697320451,0.042524400000000004,0.0013466132198573378,0.13304199999999994,0.00227838037094698,0.29246719999999987,0.0006989410512192418,0.6664876999999999,0.0006020490190468855,1.6347810000000005,0.0002033908822115354,3.554600000000001
1200.0,11,1.0399966809055232,0.31473998501826983,0.007579782331342951,0.07153042376139776,0.0049923034104229205,0.07206592339384385,377204.29556114756,5733195.887616712,0.02126690960326526,6.120217398413055e-08,2.4900127494090973e-06,0.00021714069898071892,0.012466699999999997,0.0010341257350442719,0.028291699999999982,0.0006143065395526491,0.0425244,0.0013321079539341427,0.13304200000000002,0.002239875551425938,0.2924671999999998,0.0006618919845256589,0.6664877000000002,0.000579991148277122,1.634781000000001,0.00018441373737150177,3.5545999999999998
1200.0,12,1.0741675243665956,0.33170537083077395,0.00891878280052688,0.07365301723263167,0.004566473488676355,0.08559148845093753,338680.14119678084,6809658.922985245,0.01998413923894694,5.8184330677416994e-08,2.4678858566552656e-06,0.00021689949328018883,0.0124667,0.0010363372301933874,0.02829169999999999,0.0006134275595007977,0.04252439999999999,0.0013339501010634727,0.13304199999999994,0.002248643491793144,0.2924672000000001,0.0006667533459352059,0.6664876999999998,0.0005823586135354965,1.6347810000000005,0.00018705795833787544,3.5545999999999998
1200.0,13,1.1293646530747499,0.31539132998359126,0.007717028208243523,0.0648450209201027,0.004462190561999081,0.06439322699479799,337626.9102794845,5122644.053815124,0.0199006076227888,6.093704627807437e-08,2.5588489185978246e-06,0.00021695134942019976,0.012466699999999997,0.0010392148833418833,0.028291700000000017,0.0006149008495158737,0.042524400000000045,0.0013386932693027816,0.1330419999999999,0.0022570947192281426,0.2924672000000002,0.0006767091643145299,0.6664876999999997,0.0005888079936883987,1.6347810000000014,0.00019184144980954296,3.554599999999999
1200.0,14,1.0608805974144795,0.31790774400231875,0.007548382424122105,0.06772155325704458,0.004295328700131937,0.06040640582272694,326820.3762547268,4805775.637453834,0.02023166303058002,6.53144457024501e-08,2.5380798738396566e-06,0.00021708799479815832,0.012466700000000002,0.0010396919248747603,0.0282917,0.0006154734498234369,0.0425244,0.0013395577002533918,0.133042,0.002257715566548719,0.29246719999999987,0.0006774281147216449,0.6664876999999999,0.0005894437683585856,1.6347809999999996,0.0001920492901910016,3.5545999999999975
1200.0,15,0.9463255289062543,0.3083634097911646,0.007927299445596322,0.06976456386496305,0.0051677412545789204,0.0726459733062075,390928.4691486938,5779728.857914118,0.019367873055881297,5.8959988002758425e-08,2.503963205851347e-06,0.00021694215042767888,0.012466699999999997,0.001037759463957438,0.0282917,0.0006143790069241569,0.04252439999999999,0.0013364827775696401,0.13304200000000002,0.002252376014028544,0.2924672000000001,0.0006720993517728666,0.6664877,0.000585872907255523,1.634781,0.00018951418683475077,3.554599999999999
1200.0,16,1.056744188838323,0.3101260210495758,0.007282686681325033,0.07186939666949464,0.004754138684396776,0.08563189264958054,365369.8378397191,6812577.500466999,0.021358799673187413,6.919948302077477e-08,2.6596330126736853e-06,0.00021770544549184884,0.012466699999999995,0.0010319367757095437,0.028291700000000006,0.0006140216165806655,0.042524399999999976,0.0013278260385334204,0.13304200000000005,0.0022293100746989393,0.2924672000000001,0.000646866816653935,0.6664877,0.0005707611478182644,1.6347810000000003,0.00017628987484129171,3.554599999999999
1200.0,17,1.1478980140728923,0.28191422507885505,0.007340744266555332,0.05839895042485528,0.004564020021546654,0.059717984988605366,346076.0584336123,4750371.66287485,0.018337540501300688,5.3091386315046744e-08,2.5219072306550365e-06,0.0002169647435546706,0.012466700000000006,0.0010381480857904546,0.028291700000000017,0.000615041171269389,0.04252439999999999,0.0013377619367987879,0.133042,0.002253751181803152,0.2924672000000001,0.0006751590012347766,0.6664876999999999,0.0005880626974494119,1.634781000000001,0.00019114443290626078,3.5545999999999993
1200.0,18,1.0769787002259206,0.3303757104845438,0.008746871049898975,0.07603131090273371,0.005325582978955139,0.08984577902082712,404979.1909752542,7147571.5984541215,0.018616333810367664,5.952470387413438e-08,2.4967934068390903e-06,0.00021743840031963356,0.012466700000000006,0.0010341655208012622,0.028291700000000017,0.00061463230166442,0.042524399999999914,0.0013317316527233297,0.13304199999999997,0.002238127183476834,0.29246720000000026,0.0006580318400259464,0.6664876999999998,0.0005777167873333515,1.634781,0.0001821568405443326,3.554599999999996
1200.0,19,1.0831945158103138,0.3344473767971878,0.008779058722033274,0.07332356371385274,0.0051502007190334445,0.08907147889783987,390365.9526009977,7086031.281325904,0.018666713099818773,5.8321026405380696e-08,2.500434342266061e-06,0.00021731170394147142,0.012466699999999995,0.0010348633343606859,0.028291700000000013,0.0006143195177864972,0.04252440000000004,0.001332373790001038,0.13304199999999983,0.002241013856183554,0.29246719999999976,0.0006602123102537138,0.6664877000000007,0.0005788309992082066,1.6347810000000016,0.00018330539759584913,3.5546000000000015
1200.0,20,1.0727035933995113,0.32410068540619275,0.008495829096485082,0.07612671151106999,0.005424632241299629,0.08964404013484485,413311.51064977923,7131612.82867015,0.01797210052520855,5.966582450391619e-08,2.509513581849125e-06,0.0002175024113303571,0.012466699999999985,0.0010333049224397646,0.02829170000000001,0.0006145609864098832,0.042524400000000025,0.0013305548271374983,0.133042,0.002234957264706528,0.29246719999999976,0.0006550529603326942,0.6664877000000011,0.0005759365036490455,1.634781000000001,0.00018060988382507487,3.554600000000003
1200.0,21,1.0432362126177226,0.3347016623813204,0.008720185441474095,0.07164298078185787,0.005078246006465161,0.08605585507646983,384485.2350993014,6846119.621401279,0.018260576507397416,6.002914551781256e-08,2.5030055158613493e-06,0.00021726465641161075,0.012466699999999994,0.0010352237271917149,0.028291700000000034,0.0006143552462380497,0.04252440000000002,0.001332935502878222,0.13304200000000013,0.0022424842992817898,0.2924671999999999,0.0006618451050439248,0.6664877000000002,0.0005798220486798802,1.6347809999999992,0.0001841752427395772,3.5546000000000055
1200.0,22,1.0779951903737905,0.3427792486947335,0.008925434283103008,0.06972412971746927,0.004880508837173266,0.08364185809940144,367809.72398414067,6654200.998388634,0.018779896399440804,6.168495516300185e-08,2.517171208800563e-06,0.00021713749535438572,0.012466699999999989,0.0010356044680623565,0.028291700000000017,0.0006139688883409492,0.04252439999999999,0.0013332099403534502,0.1330420000000001,0.0022446802893896006,0.29246720000000015,0.000663323349914459,0.666487700000001,0.0005805425576820804,1.6347810000000003,0.00018508562740846788,3.5546000000000033
1200.0,23,1.069634611987467,0.33601422674504255,0.009250067658200621,0.07398787515227971,0.005074513794159278,0.09017636903183515,385768.13974078954,7174198.731997494,0.018953456397687134,5.835933939725395e-08,2.528133183313808e-06,0.0002174087430103497,0.012466699999999985,0.0010343124542829566,0.02829169999999998,0.0006142105176766332,0.042524399999999976,0.0013313689847234123,0.13304200000000008,0.0022386031022868865,0.2924672000000001,0.0006570580414789959,0.6664877,0.0005768793441082373,1.6347809999999998,0.00018161201412629084,3.5545999999999958
1200.0,24,1.1005262040313883,0.3261742089496042,0.008532900705396354,0.07289282141267472,0.005380876351049471,0.08492610495632376,407716.8000207623,6756184.390401797,0.020034232911402165,6.009993196948531e-08,2.5045070179611243e-06,0.00021723300913305399,0.012466699999999999,0.0010357622646338677,0.02829170000000002,0.0006146650702567142,0.04252439999999998,0.0013339917599872338,0.13304199999999988,0.002244347913637797,0.2924672000000001,0.0006645829377374377,0.6664876999999997,0.0005815928161656974,1.634781,0.00018556413867166377,3.554600000000001
1200.0,25,1.0875472500459231,0.34508629358358256,0.009187897835280737,0.07354380347870423,0.005265307931963177,0.0882231372541566,400618.330918224,7018583.847198939,0.01866625834853062,5.909404694093697e-08,2.5025928074750417e-06,0.00021736101229314608,0.012466699999999997,0.001035201339895484,0.02829170000000003,0.0006145533527696731,0.042524400000000004,0.0013328754426614445,0.1330419999999998,0.002241663978044387,0.29246720000000054,0.0006608289853860216,0.6664877000000001,0.000579262367991731,1.6347809999999994,0.00018352116417488435,3.5546
1200.0,26,1.086381303152147,0.326653623915168,0.0090717277814488,0.07748055125650732,0.005219225746505182,0.08941278795525394,397090.25690837885,7113016.112618778,0.018138848639414038,5.798843042125379e-08,2.5388796451024577e-06,0.00021740730788803218,0.012466699999999987,0.001034284073812684,0.0282917,0.0006143727825300885,0.04252440000000001,0.001331560047667211,0.1330420000000001,0.0022385129754795736,0.2924672000000002,0.0006576721030997668,0.6664877000000005,0.000577338328070947,1.6347810000000018,0.00018192864403644444,3.5546
