T,reactivity,LAMBDA,total_beta,beta_0,beta_1,beta_2,beta_3,beta_4,beta_5,beta_6,beta_7,lambda_0,lambda_1,lambda_2,lambda_3,lambda_4,lambda_5,lambda_6,lambda_7
273.15,0.010245168106326516,2.6078805149979677e-05,0.007366991180636151,0.0002138887783812067,0.001068458719827773,0.0006184375217962639,0.001382537808808305,0.002369394209253027,0.000797457792875249,0.0006618885464185366,0.0002549278032757903,0.012466699999997994,0.028291700000002976,0.04252440000000285,0.13304199999999622,0.2924671999999531,0.6664877000002335,1.6347810000005396,3.554600000000078
300.0,0.009245439606449884,2.608723184818497e-05,0.007367654899752612,0.00021388514419834866,0.0010685045384812041,0.0006184456022333161,0.0013826062742653387,0.0023695612035671792,0.0007976357945365419,0.0006619970146273885,0.00025501932784329504,0.01246669999999772,0.02829170000000254,0.04252440000000451,0.13304199999999744,0.2924671999999566,0.666487700000232,1.6347810000005718,3.554600000000009
400.0,0.006300384853219291,2.609164520140345e-05,0.0073697860717368835,0.00021386835294196684,0.0010686390302422737,0.0006184580581405734,0.0013828113759484907,0.002370099052194198,0.0007982256317320417,0.0006623534845496477,0.0002553310859876922,0.012466699999997943,0.028291700000002105,0.0425244000000019,0.1330419999999981,0.2924671999999518,0.6664877000002359,1.6347810000005563,3.5546000000000664
500.0,0.0028290368252532716,2.610893603043296e-05,0.007372184388196178,0.00021385295329165013,0.0010688031103387894,0.0006184787367427733,0.001383052551664157,0.002370713418511091,0.0007988727635579723,0.0006627444559410181,0.0002556663981487266,0.012466699999997721,0.028291700000001748,0.04252440000000247,0.13304199999999766,0.29246719999994325,0.666487700000242,1.6347810000005734,3.554600000000028
600.0,-0.00019364062262475213,2.611728626692641e-05,0.007374348232990411,0.0002138390867281126,0.0010689470020274086,0.0006185011764945299,0.001383270519127955,0.0023712525619385087,0.0007994629425321082,0.0006631031582634783,0.00025597178587830933,0.012466699999997631,0.028291700000001255,0.04252440000000177,0.13304199999999536,0.2924671999999497,0.666487700000253,1.634781000000556,3.554599999999943
700.0,-0.002531513123800568,2.6108826554707492e-05,0.0073759458212337755,0.000213828249658028,0.0010690452413929365,0.0006185194426815408,0.0013834288311437022,0.002371637920898678,0.0007999058485168701,0.0006633753337587557,0.00025620495318326485,0.012466699999998047,0.028291700000000815,0.042524400000001336,0.13304199999999652,0.2924671999999413,0.6664877000002757,1.6347810000005825,3.5545999999998705
800.0,-0.004838341006228458,2.613663724983637e-05,0.007377550430067965,0.00021381692811441505,0.0010691528248279035,0.0006185304828084584,0.0013835873390008195,0.0023720497337791405,0.0008003422687641652,0.0006636382859293011,0.0002564325668437614,0.012466699999997987,0.028291700000000572,0.04252440000000044,0.13304199999999775,0.29246719999994436,0.6664877000002645,1.6347810000006144,3.5545999999999585
900.0,-0.007105940151757113,2.6136610415873303e-05,0.00737962503888387,0.00021380213213696678,0.0010692860810929978,0.0006185481375112195,0.0013837916433116358,0.0023725669452535894,0.0008009133768817636,0.0006639850812762516,0.00025673164141944556,0.012466699999998278,0.02829170000000069,0.04252440000000101,0.13304199999999722,0.2924671999999453,0.6664877000002772,1.6347810000006169,3.554599999999949
1000.0,-0.009486362346820052,2.6152488252472232e-05,0.0073812191683437075,0.00021379020371218175,0.0010693916732852145,0.0006185578000271498,0.0013839475888176855,0.002372974161379743,0.0008013503957990396,0.0006642478184266633,0.00025695952689603,0.012466699999998224,0.028291700000000093,0.042524400000000226,0.1330419999999973,0.2924671999999379,0.66648770000028,1.634781000000649,3.5545999999999816
1100.0,-0.011166392680259174,2.6154580165656562e-05,0.007381959470382538,0.00021378686218547578,0.0010694292885437468,0.0006185788322579838,0.0013840252938842265,0.0023731195346067525,0.0008015629499772596,0.0006643854883126482,0.00025707122061444527,0.012466699999998193,0.028291699999999583,0.0425244000000001,0.13304199999999583,0.29246719999994336,0.66648770000029,1.6347810000006597,3.554599999999943
1200.0,-0.013404898982107899,2.6157030001686377e-05,0.0073839961860783475,0.00021377252581053933,0.0010695664009476961,0.0006185924795782151,0.0013842265111379897,0.0023736440388283813,0.0008021160685215047,0.0006647184897166655,0.0002573596715373553,0.012466699999998021,0.02829170000000033,0.04252439999999966,0.13304199999999372,0.2924671999999377,0.6664877000002968,1.634781000000657,3.5546000000000584
1300.0,-0.015129838553397596,2.617597778059422e-05,0.007384949491527606,0.00021376661139732619,0.0010696246486566615,0.0006186067727370042,0.0013843229412984991,0.0023738659342604144,0.0008023816798540759,0.0006648829461398558,0.00025749795718376864,0.012466699999998339,0.02829170000000006,0.042524400000000136,0.13304199999999974,0.29246719999993204,0.6664877000003003,1.6347810000006788,3.5545999999999434
1400.0,-0.016826684258685356,2.6167315784094954e-05,0.0073862471656977475,0.00021375729431197534,0.0010697040912320372,0.0006186200107325225,0.0013844503060612215,0.002374180045964399,0.0008027429388047742,0.0006651041964247918,0.0002576882821660262,0.012466699999998073,0.028291699999998518,0.0425243999999991,0.13304199999999555,0.2924671999999286,0.6664877000003004,1.6347810000006702,3.554599999999867
1500.0,-0.018501399841579856,2.6182376014765793e-05,0.007387465415414165,0.00021375034627591665,0.001069784142903783,0.0006186357672071175,0.0013845746965764308,0.0023744801423418714,0.0008030731810543477,0.0006653069871693877,0.00025786015188531064,0.012466699999998464,0.028291699999998702,0.04252439999999934,0.13304199999999458,0.29246719999993376,0.6664877000003147,1.6347810000006713,3.5545999999999798
1600.0,-0.02037034200655966,2.6197233301468185e-05,0.0073888798046744955,0.000213741871535956,0.0010698755897654473,0.0006186547564830735,0.0013847187206049174,0.002374821285892344,0.0008034613395797088,0.0006655453273062299,0.000258060913506819,0.0124666999999983,0.02829169999999891,0.04252439999999881,0.1330419999999969,0.29246719999994025,0.6664877000003084,1.6347810000006713,3.55459999999997
1700.0,-0.021893129019397946,2.6198536477818758e-05,0.00738979855448522,0.00021373321599055584,0.0010699290604861212,0.0006186578513931226,0.0013848034780456176,0.0023750477114912387,0.0008037231257374242,0.00066570333706561,0.00025820077427553023,0.012466699999998566,0.02829169999999909,0.04252439999999763,0.13304199999999766,0.2924671999999299,0.666487700000325,1.6347810000006693,3.55459999999989
1800.0,-0.0236833536319056,2.6202975452158643e-05,0.007390965028281005,0.00021372782688895502,0.0010700042669126992,0.0006186795857360047,0.0013849261486721118,0.0023753212211369075,0.0008040404057654793,0.0006659011651106189,0.0002583644080582287,0.01246669999999843,0.028291699999998487,0.042524399999998616,0.13304199999999475,0.29246719999993487,0.6664877000003053,1.6347810000006993,3.5545999999998967
1900.0,-0.02550045718851812,2.621152051847135e-05,0.007392231267230178,0.00021371916096633587,0.0010700885734332341,0.0006186899221107918,0.0013850519981666086,0.002375642446493079,0.000804385315479011,0.0006661097927924389,0.00025854405778868013,0.01246669999999856,0.02829169999999831,0.042524399999998276,0.13304199999999783,0.2924671999999247,0.6664877000003083,1.6347810000006988,3.554599999999921
2000.0,-0.027145773712061866,2.6229820100211718e-05,0.007393298026615381,0.00021371350168790214,0.001070156160491534,0.0006187089326481586,0.0013851629380099472,0.0023758883006972844,0.0008046801482633802,0.0006662928557288357,0.00025869518908833893,0.012466699999998209,0.028291699999997918,0.04252439999999798,0.13304199999999547,0.29246719999993315,0.6664877000003271,1.6347810000006797,3.5545999999998794
2073.15,-0.028342560097785928,2.6230139438876608e-05,0.0073937116047163185,0.0002137100926705305,0.0010701737980521745,0.0006187162045465312,0.001385201870325361,0.002375971742233069,0.0008048036278693991,0.000666371571581665,0.00025876269743758826,0.012466699999998384,0.02829169999999771,0.04252439999999772,0.13304199999999572,0.2924671999999299,0.6664877000003352,1.634781000000704,3.554599999999973
